CASA,FORA,LIGA,CONFIANCA,CONF,VENCEDOR,GOLS,CANTOS,CARTÕES,CHUTES,DEFESAS,DATA
Bayer Leverkusen,Chelsea,Premier League,89%,89%,78% (FAVORITO),1.5+ (AMBOS TEMPOS),10.5 (HT: 5 | FT: 6),3.5 (HT: 1 | FT: 3),12+ (HT: 8 | FT: 10),7+ (GOLEIROS ATIVOS),17/04/2026
Inter Milan,Sporting,La Liga,90%,90%,72% (FAVORITO),1.5+ (AMBOS TEMPOS),8.5 (HT: 3 | FT: 4),5.5 (HT: 1 | FT: 3),13+ (HT: 5 | FT: 8),5+ (GOLEIROS ATIVOS),17/04/2026
Barcelona,Dortmund,UEFA Champions League,93%,93%,80% (FAVORITO),1.5+ (AMBOS TEMPOS),8.5 (HT: 3 | FT: 4),5.5 (HT: 1 | FT: 3),18+ (HT: 5 | FT: 7),8+ (GOLEIROS ATIVOS),17/04/2026
Man City,Milan,Premier League,98%,98%,69% (FAVORITO),1.5+ (AMBOS TEMPOS),9.5 (HT: 5 | FT: 6),5.5 (HT: 1 | FT: 3),14+ (HT: 7 | FT: 10),7+ (GOLEIROS ATIVOS),17/04/2026
Barcelona,Chelsea,UEFA Champions League,95%,95%,73% (FAVORITO),1.5+ (AMBOS TEMPOS),8.5 (HT: 5 | FT: 4),3.5 (HT: 1 | FT: 3),15+ (HT: 8 | FT: 9),8+ (GOLEIROS ATIVOS),17/04/2026
Flamengo,Porto,Premier League,93%,93%,69% (FAVORITO),1.5+ (AMBOS TEMPOS),8.5 (HT: 5 | FT: 6),4.5 (HT: 1 | FT: 3),13+ (HT: 7 | FT: 8),9+ (GOLEIROS ATIVOS),17/04/2026
Bayer Leverkusen,São Paulo,Série A Tim,85%,85%,78% (FAVORITO),1.5+ (AMBOS TEMPOS),9.5 (HT: 5 | FT: 6),3.5 (HT: 1 | FT: 3),16+ (HT: 8 | FT: 10),7+ (GOLEIROS ATIVOS),17/04/2026
Man City,Dortmund,Premier League,96%,96%,74% (FAVORITO),1.5+ (AMBOS TEMPOS),8.5 (HT: 5 | FT: 6),5.5 (HT: 1 | FT: 3),14+ (HT: 5 | FT: 10),6+ (GOLEIROS ATIVOS),17/04/2026
Arsenal,Roma,Bundesliga,98%,98%,67% (FAVORITO),1.5+ (AMBOS TEMPOS),9.5 (HT: 3 | FT: 6),5.5 (HT: 1 | FT: 3),16+ (HT: 6 | FT: 9),8+ (GOLEIROS ATIVOS),17/04/2026
Real Madrid,Sporting,UEFA Champions League,82%,82%,72% (FAVORITO),1.5+ (AMBOS TEMPOS),10.5 (HT: 3 | FT: 4),3.5 (HT: 1 | FT: 3),15+ (HT: 7 | FT: 10),6+ (GOLEIROS ATIVOS),17/04/2026
Bayer Leverkusen,Milan,Brasileirão Série A,89%,89%,69% (FAVORITO),1.5+ (AMBOS TEMPOS),11.5 (HT: 5 | FT: 4),5.5 (HT: 1 | FT: 3),17+ (HT: 8 | FT: 8),7+ (GOLEIROS ATIVOS),17/04/2026
Flamengo,Porto,UEFA Champions League,87%,87%,66% (FAVORITO),1.5+ (AMBOS TEMPOS),10.5 (HT: 3 | FT: 5),3.5 (HT: 1 | FT: 3),18+ (HT: 5 | FT: 7),9+ (GOLEIROS ATIVOS),17/04/2026
Man City,Chelsea,Brasileirão Série A,87%,87%,74% (FAVORITO),1.5+ (AMBOS TEMPOS),8.5 (HT: 5 | FT: 5),4.5 (HT: 1 | FT: 3),13+ (HT: 6 | FT: 10),8+ (GOLEIROS ATIVOS),17/04/2026
Bayer Leverkusen,Sporting,Premier League,97%,97%,71% (FAVORITO),1.5+ (AMBOS TEMPOS),10.5 (HT: 4 | FT: 4),4.5 (HT: 1 | FT: 3),15+ (HT: 5 | FT: 10),6+ (GOLEIROS ATIVOS),17/04/2026
Juventus,São Paulo,Brasileirão Série A,97%,97%,66% (FAVORITO),1.5+ (AMBOS TEMPOS),11.5 (HT: 3 | FT: 4),4.5 (HT: 1 | FT: 3),12+ (HT: 6 | FT: 10),5+ (GOLEIROS ATIVOS),17/04/2026
Bayern Munich,Roma,Bundesliga,85%,85%,79% (FAVORITO),1.5+ (AMBOS TEMPOS),8.5 (HT: 5 | FT: 5),3.5 (HT: 1 | FT: 3),13+ (HT: 7 | FT: 8),7+ (GOLEIROS ATIVOS),17/04/2026
Flamengo,São Paulo,La Liga,97%,97%,67% (FAVORITO),1.5+ (AMBOS TEMPOS),11.5 (HT: 5 | FT: 5),3.5 (HT: 1 | FT: 3),16+ (HT: 8 | FT: 9),6+ (GOLEIROS ATIVOS),17/04/2026
Real Madrid,Napoli,Premier League,92%,92%,65% (FAVORITO),1.5+ (AMBOS TEMPOS),10.5 (HT: 3 | FT: 5),5.5 (HT: 1 | FT: 3),16+ (HT: 7 | FT: 7),8+ (GOLEIROS ATIVOS),17/04/2026
Bayer Leverkusen,Vasco,Premier League,89%,89%,65% (FAVORITO),1.5+ (AMBOS TEMPOS),11.5 (HT: 3 | FT: 5),5.5 (HT: 1 | FT: 3),16+ (HT: 5 | FT: 7),6+ (GOLEIROS ATIVOS),17/04/2026
Juventus,Milan,Brasileirão Série A,92%,92%,76% (FAVORITO),1.5+ (AMBOS TEMPOS),9.5 (HT: 4 | FT: 5),4.5 (HT: 1 | FT: 3),13+ (HT: 6 | FT: 10),8+ (GOLEIROS ATIVOS),17/04/2026
